customer_id,customer_name,region,signup_date
1,Allison Hill,NA,2025-02-12
2,Megan Mcclain,NA,2024-11-04
3,Allen Robinson,APAC,2025-09-06
4,Cristian Santos,EMEA,2025-10-05
5,Kevin Pacheco,EMEA,2024-09-06
6,Melissa Peterson,EMEA,2024-12-24
7,Gabrielle Davis,NA,2024-11-11
8,Lindsey Roman,NA,2026-02-17
9,Valerie Gray,LATAM,2025-10-10
10,Lisa Hensley,NA,2025-10-29
11,Amber Perez,NA,2025-04-01
12,David Garcia,NA,2025-03-24
13,Holly Wood,EMEA,2025-02-02
14,Timothy Wong,EMEA,2025-11-21
15,Nicholas Martin,NA,2025-06-06
16,Margaret Hawkins DDS,EMEA,2026-05-11
17,Crystal Johnson,LATAM,2025-04-20
18,Daniel Hahn,EMEA,2026-06-04
19,Matthew Foster,LATAM,2026-07-02
20,Derek Wright,APAC,2025-10-17
21,Kevin Hurst,NA,2025-06-20
22,Zachary Hicks,EMEA,2024-11-07
23,Brian Burton,LATAM,2026-04-04
24,Arthur James,APAC,2026-08-31
25,Tricia Valencia,APAC,2024-09-10
26,Melanie Herrera,EMEA,2025-03-16
27,Ashley Graham,EMEA,2025-07-30
28,Sherri Baker,APAC,2025-09-02
29,Thomas Harrell,NA,2025-04-08
30,Lisa Hernandez,NA,2026-03-13
31,Paula Moreno,LATAM,2024-09-02
32,Alec Hickman,NA,2026-06-06
33,Elizabeth Brown,APAC,2026-06-05
34,Angelica Tucker,APAC,2024-10-22
35,Pamela Anderson,APAC,2025-08-15
36,Deborah Brennan,NA,2025-07-08
37,Joshua Blair,LATAM,2025-01-27
38,Zachary Santos,NA,2025-07-19
39,Barbara Walker,LATAM,2025-05-07
40,Crystal Robinson,NA,2024-10-23
41,Crystal Whitehead,APAC,2026-05-23
42,David Caldwell,APAC,2025-02-05
43,Timothy Duncan,EMEA,2025-08-13
44,Rhonda Lee,NA,2024-11-11
45,Jeff Owens,NA,2026-02-16
46,Victoria Garcia,EMEA,2025-06-23
47,Scott Wright,APAC,2025-01-19
48,Javier Ramirez,NA,2025-03-03
49,Jessica Callahan,EMEA,2025-10-09
50,Zachary Huff,NA,2026-08-11
51,Sarah Martin,LATAM,2025-08-23
52,James Brown,APAC,2025-06-06
53,Mrs. Rachel Gibson,LATAM,2025-07-08
54,Whitney Peters,APAC,2026-02-09
55,Edward Novak,EMEA,2025-10-30
56,Nicole Brown,APAC,2025-11-03
57,Sarah Moore,APAC,2026-08-05
58,Cody Larson,EMEA,2026-01-08
59,Bryan Zamora,APAC,2025-02-28
60,Lisa Barnes,NA,2025-11-02
61,Taylor Harris,EMEA,2026-02-07
62,James Powers,EMEA,2025-04-09
63,Paul Jones,EMEA,2025-08-03
64,Dr. Angel Lewis MD,LATAM,2026-07-16
65,Sherry Wood,LATAM,2024-12-26
66,Michele Carr,APAC,2026-08-24
67,Aimee Montoya,EMEA,2025-04-08
68,Teresa Taylor,APAC,2024-11-25
69,Juan Nelson,NA,2025-11-18
70,Christina Walters,EMEA,2025-03-13
71,Taylor Mathis Jr.,NA,2025-07-08
72,Aaron Wise,APAC,2025-12-11
73,Patrick Arnold,LATAM,2025-07-11
74,Benjamin Ware,APAC,2026-06-24
75,Sandra Aguilar,NA,2024-12-19
76,Eric Nolan,EMEA,2026-04-06
77,Stephanie Clark,APAC,2025-03-03
78,Richard Henson,EMEA,2025-06-26
79,Brittany Spears,LATAM,2026-05-27
80,Rita Keith,LATAM,2024-09-20
81,Evelyn Galvan,LATAM,2026-04-11
82,Rita Adams,EMEA,2026-03-31
83,Shane Garrison,APAC,2025-02-11
84,Julia Torres,EMEA,2026-04-06
85,Alexander Lee,EMEA,2025-04-29
86,Tracy Ramirez,APAC,2025-12-14
87,William Herrera,LATAM,2026-07-20
88,Wesley White,LATAM,2026-08-06
89,Brian Hamilton,APAC,2026-02-16
90,Larry Dixon,EMEA,2025-06-10
91,Dawn Fletcher,EMEA,2024-09-03
92,Kimberly Ball,LATAM,2026-02-26
93,Helen Jones,NA,2025-12-31
94,Erik Charles,NA,2026-02-10
95,Eric Ortiz,NA,2025-06-23
96,Cameron Fisher,EMEA,2026-07-21
97,Stephanie Gilbert,EMEA,2025-04-09
98,April Mitchell,LATAM,2025-07-13
99,Mary Marshall,NA,2025-07-22
100,John Santana,LATAM,2026-04-06
101,Bradley Robertson,LATAM,2025-12-08
102,Robert Potter,LATAM,2026-01-06
103,Curtis Johnson,APAC,2025-02-27
104,Samuel Jones,NA,2025-07-01
105,Cheyenne Horton,NA,2025-08-29
106,Matthew Smith,APAC,2026-03-04
107,Ashley Coleman,APAC,2025-01-08
108,Kelly Williams,NA,2025-03-03
109,Joyce Solis,APAC,2026-01-02
110,Linda Dodson DVM,LATAM,2025-11-23
111,Kathy Rivas,EMEA,2025-10-07
112,Natasha Wells,LATAM,2025-03-10
113,Mark Cannon,NA,2025-09-18
114,Denise Jones,APAC,2025-03-29
115,Francisco Fernandez,EMEA,2024-12-12
116,Michael Mccarthy,NA,2024-10-18
117,Joshua Perry,APAC,2025-01-31
118,Taylor Silva,EMEA,2026-01-23
119,Pamela James,EMEA,2024-09-06
120,Paul Castaneda,APAC,2026-07-30
121,Paul Payne,EMEA,2025-11-16
122,Daniel Graham,NA,2024-09-23
123,Michael Powell,APAC,2024-12-31
124,Cameron Dean,LATAM,2024-09-21
125,Justin Johnson,NA,2025-12-15
126,Joel Williams,NA,2025-06-06
127,Gabriel Juarez,APAC,2025-06-06
128,Sandra King,APAC,2024-10-31
129,Joshua Cooke,EMEA,2025-05-15
130,Rachael Pearson,NA,2026-03-07
131,Christina Smith,EMEA,2024-12-22
132,Michael Elliott,NA,2025-02-08
133,Pamela Jackson,NA,2025-11-19
134,Ashley Weiss,LATAM,2026-08-08
135,Alexander Collins,NA,2026-01-10
136,Jennifer Espinoza,EMEA,2024-10-27
137,Lori Garcia,EMEA,2026-03-20
138,Lindsay Martinez,LATAM,2026-08-22
139,Hannah Patterson,EMEA,2025-05-30
140,Gloria Atkinson,APAC,2026-04-26
141,Tyler Reid,LATAM,2026-04-30
142,Jessica Gross,EMEA,2026-08-08
143,Robert Medina,EMEA,2025-08-21
144,Nicholas Adams,APAC,2026-05-17
145,Angelica Keith,LATAM,2025-02-27
146,Leonard Gray,APAC,2024-09-22
147,Catherine Lewis,LATAM,2026-04-08
148,Spencer Haynes,LATAM,2025-03-22
149,Travis Miller,NA,2026-02-10
150,Peter Vaughn DDS,EMEA,2025-08-26
151,Anna Walker,EMEA,2026-01-20
152,Kevin Kennedy,NA,2025-09-25
153,Patrick Rivera,APAC,2026-01-28
154,David Martinez,NA,2025-01-20
155,Joshua Gill,EMEA,2025-01-15
156,John Hardy,EMEA,2026-08-16
157,Diane Garcia,NA,2025-01-21
158,Christopher Smith,NA,2025-09-27
159,William Tran,NA,2026-01-24
160,Sean Henry,EMEA,2026-06-01
161,Julie Alexander,NA,2025-01-14
162,Todd Woods,NA,2026-04-25
163,Benjamin Soto,APAC,2024-10-11
164,Justin Torres,NA,2026-08-29
165,Phillip Obrien,EMEA,2026-04-03
166,Joseph Hayes,APAC,2025-07-22
167,Wanda Torres,LATAM,2025-11-29
168,Natalie Meza,EMEA,2025-01-31
169,Matthew Moore,EMEA,2025-01-07
170,Aaron Hayes,LATAM,2025-11-10
171,David Mann,EMEA,2026-01-28
172,Michael Bradshaw,LATAM,2026-03-31
173,Mary Peck,LATAM,2025-07-09
174,Maria Kerr,EMEA,2026-04-29
175,Christopher Parker,NA,2026-03-03
176,Donna Martinez,NA,2026-01-18
177,Terri Mason,LATAM,2025-08-28
178,Andrew Reynolds,APAC,2025-04-25
179,Brandon Hayden,LATAM,2026-05-06
180,Tiffany Key,LATAM,2026-01-06
181,Andrew Avila,LATAM,2025-08-11
182,Sydney White,NA,2025-11-03
183,Katherine Davis,NA,2025-05-14
184,Michael Hodge,NA,2025-05-01
185,Donna Landry,LATAM,2026-04-19
186,Jordan Edwards,APAC,2025-04-26
187,Jennifer Robertson,NA,2026-08-25
188,Kimberly Gutierrez,EMEA,2025-01-17
189,Peter Garrett,EMEA,2026-03-11
190,Joshua Pennington,EMEA,2025-07-19
191,Barbara Dudley,LATAM,2025-11-21
192,Christopher Pierce,EMEA,2025-10-10
193,Willie Durham,LATAM,2025-08-05
194,Ronnie Jimenez,EMEA,2026-02-07
195,Denise Davenport,APAC,2026-08-19
196,Juan Reyes,LATAM,2026-07-07
197,Sherry Shields,EMEA,2025-03-22
198,Jennifer Villa,NA,2025-09-08
199,Diane Evans,LATAM,2025-11-05
200,Mrs. Brittany Ryan MD,NA,2025-10-10
201,Jordan Morris,NA,2025-01-17
202,Laura Hall,NA,2026-03-22
203,Patrick Thornton,NA,2026-04-18
204,Matthew Hoover,EMEA,2026-08-19
205,Andrew Shaw MD,EMEA,2026-05-30
206,Jessica Fox,LATAM,2025-08-02
207,Jennifer Pena,LATAM,2024-12-23
208,Wayne Morgan,LATAM,2026-01-21
209,Sarah Phelps,EMEA,2026-05-23
210,Eugene Higgins,LATAM,2026-03-11
211,Amanda Jones,NA,2025-12-07
212,Yolanda Francis,EMEA,2025-07-16
213,Mark Brennan,LATAM,2025-07-23
214,Stephanie Williams,NA,2026-04-06
215,James Thomas,LATAM,2025-09-25
216,Rebecca Jackson,APAC,2024-10-29
217,Lisa Allen,LATAM,2026-07-01
218,Joel King,APAC,2025-03-07
219,Robert Santana,LATAM,2026-01-10
220,Jeremy Reed,LATAM,2025-11-05
221,Jessica Wright,EMEA,2026-05-12
222,James Webb,EMEA,2025-02-22
223,Laura Haney,APAC,2025-04-05
224,Mary Hill,EMEA,2025-10-20
225,Natasha Williams,NA,2025-11-19
226,Tanner Mitchell DDS,NA,2025-11-19
227,Mark Oliver,APAC,2026-01-10
228,Mary Massey,NA,2025-12-05
229,Maria Parker,NA,2025-07-21
230,Morgan Davis,LATAM,2025-04-05
231,Casey Anderson,EMEA,2025-10-01
232,Kiara Mcintyre,NA,2026-05-02
233,Roger Olson,NA,2026-04-14
234,Gina Wilson,EMEA,2026-08-06
235,Vincent Dalton,NA,2026-02-13
236,Tracy Ballard,NA,2025-05-27
237,Alexis Herrera,EMEA,2025-07-31
238,Megan Richards,LATAM,2026-04-26
239,Ashley Hall,NA,2024-09-20
240,Kristina Herman,EMEA,2025-02-10
241,Rodney Blankenship,NA,2025-04-10
242,Charles Shah,NA,2025-04-12
243,Brent Clay Jr.,LATAM,2025-07-30
244,Natalie Bautista,APAC,2025-07-05
245,Brittany Perry,APAC,2024-11-13
246,Jason Lynn Jr.,EMEA,2025-05-30
247,Trevor Foley,APAC,2024-11-13
248,Kimberly Levine,EMEA,2025-05-22
249,Colton Martinez,APAC,2026-05-14
250,Matthew May,LATAM,2025-11-12
251,Richard Sanchez,EMEA,2024-12-03
252,Andrea Hubbard,APAC,2025-01-31
253,Sergio Murphy,LATAM,2024-12-18
254,April Garrison,APAC,2024-12-16
255,David Thompson,NA,2025-12-29
256,Adrian Tyler,NA,2025-02-22
257,Christopher Williams,LATAM,2026-02-26
258,Nichole Alvarez,NA,2026-03-24
259,Ashley Gordon,NA,2026-07-25
260,Richard Camacho,EMEA,2025-09-18
261,Victor Brown,APAC,2025-08-18
262,Michael Henry,EMEA,2026-06-28
263,Bobby Franklin,APAC,2024-10-20
264,Mark Kelley,NA,2025-04-27
265,Kerry Chavez DDS,EMEA,2024-11-13
266,Sarah Curtis,APAC,2026-03-18
267,Cindy Hayes,APAC,2025-02-16
268,Jesse Perry,EMEA,2024-11-10
269,Maurice Brooks,LATAM,2024-12-22
270,Andrea Decker,APAC,2024-11-09
271,Parker Cain,NA,2025-10-13
272,Kristina Rivera,APAC,2024-11-30
273,Maurice Christensen,NA,2026-05-29
274,Tracy Burke,EMEA,2025-05-17
275,Christy Douglas,APAC,2025-02-12
276,Ryan Richardson,NA,2026-03-13
277,Renee Bruce,NA,2026-08-15
278,Lisa Day,EMEA,2024-09-21
279,Sandra Adams,APAC,2025-01-11
280,Ellen Morgan,APAC,2024-09-06
281,Kylie Morales,EMEA,2024-12-14
282,Amanda Reese,APAC,2025-02-06
283,Glen Wood,EMEA,2026-02-11
284,Latoya Miller,APAC,2024-10-10
285,Luke Craig,LATAM,2025-03-19
286,Karla Ramos,APAC,2025-03-20
287,Ashley Jordan,NA,2025-03-28
288,Katelyn Estrada,NA,2024-10-05
289,Kyle Smith,LATAM,2025-04-10
290,Chad Scott,APAC,2025-04-29
291,Paul Thompson,NA,2025-06-06
292,Kathryn Whitaker,NA,2026-04-14
293,Scott Williams,APAC,2024-09-15
294,Shannon Johnston,EMEA,2025-10-26
295,Jennifer Wilson,APAC,2024-09-17
296,Robert Montgomery,EMEA,2026-05-03
297,Anita Richard,LATAM,2025-02-26
298,Kelly Foster,LATAM,2025-04-16
299,Gary Jackson,NA,2025-09-10
300,Jordan Bullock,NA,2025-05-15
301,Sabrina Briggs,NA,2025-02-21
302,Craig Morrison,EMEA,2026-03-11
303,Cassandra Mejia,NA,2025-08-29
304,Olivia Cole,APAC,2026-07-09
305,Madison Weber,EMEA,2026-05-26
306,Brittany Jones,LATAM,2025-07-22
307,Donald Brown,EMEA,2025-09-07
308,Jesse Brown,NA,2026-05-02
309,Sean Wyatt,APAC,2025-11-25
310,Julie Spencer,APAC,2026-04-03
311,Joanna Pacheco,NA,2025-12-22
312,John Hernandez,APAC,2024-10-17
313,Steven Cooper,EMEA,2026-02-06
314,Carrie Wright,EMEA,2025-07-19
315,Joseph Moore,NA,2025-06-01
316,Jason Morgan,APAC,2025-11-13
317,Maria Jones,LATAM,2024-11-10
318,Diane Cummings,EMEA,2025-12-25
319,Shelley Cook,EMEA,2025-11-01
320,Gregory Ponce,EMEA,2026-01-25
321,Kurt Hurley,EMEA,2025-04-16
322,Rickey Li,LATAM,2026-01-04
323,Nancy Jennings,NA,2025-09-21
324,Jessica Cox,EMEA,2025-05-25
325,Daniel Meza,APAC,2025-08-23
326,Chad Jones,LATAM,2026-05-12
327,Randy Conley,EMEA,2026-06-09
328,George Miranda,APAC,2024-12-06
329,Christopher Guerra,EMEA,2026-03-19
330,Carol Kim,NA,2025-06-29
331,Cynthia Wallace,LATAM,2025-03-29
332,Joann Ferguson,NA,2025-04-16
333,Julie Conley,LATAM,2025-05-28
334,Victoria Murray,EMEA,2025-03-26
335,Joseph Burch,EMEA,2026-04-22
336,Brenda Wright,LATAM,2025-12-14
337,Kristen Garcia,APAC,2026-05-13
338,Dominique Hines,APAC,2025-03-20
339,Brittany Kim,EMEA,2026-07-25
340,Jerry Bailey,EMEA,2024-09-21
341,Jonathan Young,NA,2026-08-29
342,Alfred Galvan,EMEA,2026-05-08
343,Raven Taylor,LATAM,2025-03-30
344,Melissa Taylor,APAC,2026-01-30
345,Aaron Miller,APAC,2025-03-08
346,Kimberly Acosta,NA,2025-09-22
347,Dwayne Turner,APAC,2024-10-06
348,Riley Bryant,APAC,2024-11-22
349,Linda Smith,LATAM,2025-09-13
350,Charles Patterson,APAC,2025-11-25
351,Jason Beck,NA,2024-11-03
352,Andrea Fox,NA,2025-09-07
353,Kristen Myers DDS,APAC,2025-12-10
354,Mrs. Alexis Kramer,EMEA,2025-05-12
355,Lori Ingram,APAC,2026-02-21
356,Andrew Payne,NA,2026-04-19
357,Richard Marshall,NA,2026-01-23
358,Robin Brown,LATAM,2026-03-23
359,Edward Williams,APAC,2025-01-25
360,Timothy Robertson,APAC,2026-08-26
361,Dawn Mullins,LATAM,2025-01-19
362,Richard Glenn,NA,2025-05-02
363,Jacob Preston,LATAM,2026-02-27
364,Jasmine Beltran,EMEA,2025-08-30
365,Tim Stone PhD,APAC,2026-02-15
366,Lance Short,NA,2025-10-05
367,Bobby Guerrero,LATAM,2025-04-14
368,Jessica Norris,NA,2025-05-16
369,Sergio Gomez,EMEA,2026-09-01
370,William Gould,APAC,2024-10-26
371,Heidi Owen,LATAM,2026-01-11
372,Brenda Lawson,NA,2026-03-27
373,Austin Osborne,APAC,2025-05-27
374,Keith Jacobs,APAC,2026-01-11
375,Jacqueline Hines,NA,2025-10-26
376,Jennifer Banks,APAC,2025-03-03
377,Noah Porter,APAC,2025-06-11
378,Deborah Green,LATAM,2025-07-25
379,Donna Hendricks DDS,APAC,2024-11-30
380,Jodi Roach,LATAM,2025-07-24
381,Michael Bruce,APAC,2025-04-23
382,Austin Daniels,EMEA,2026-06-15
383,Michelle Ho,EMEA,2025-12-12
384,Katie Martinez,LATAM,2025-01-26
385,Richard Johnson,LATAM,2025-10-11
386,Robert Arnold,EMEA,2025-11-23
387,Eric Key,APAC,2026-02-09
388,Patricia Morrow,LATAM,2024-10-25
389,Maria Cole,NA,2026-01-12
390,Shawn Deleon,APAC,2025-12-13
391,Vincent Reynolds,APAC,2026-06-29
392,Caleb Hernandez,EMEA,2024-12-31
393,Michael Reed,LATAM,2026-07-21
394,Sarah King,APAC,2025-12-10
395,Beth Turner,LATAM,2025-09-26
396,Caroline David,LATAM,2024-12-23
397,Michelle Jacobs,LATAM,2026-05-10
398,Samantha Johnson,EMEA,2024-10-05
399,Laura Curtis,LATAM,2026-03-16
400,Mark Jimenez,EMEA,2025-12-04
401,Tyler Webb,NA,2026-04-13
402,Elizabeth Jones,APAC,2024-10-15
403,John Harris,APAC,2025-11-19
404,Nathan Gross,NA,2026-05-24
405,Bianca Wood,EMEA,2025-10-17
406,John Adams,APAC,2025-03-02
407,Dylan Cruz,EMEA,2025-11-25
408,Sean Moore,EMEA,2025-04-29
409,Emily Hines,EMEA,2025-09-01
410,Kathleen Parker,NA,2024-09-18
411,Kathy Levy,NA,2025-02-06
412,Anthony Simpson,EMEA,2026-06-08
413,Julie Herrera,LATAM,2026-05-14
414,Stephen Luna,NA,2026-03-14
415,James Hudson,LATAM,2025-01-22
416,Angel Gordon,LATAM,2026-03-14
417,William Becker,EMEA,2024-11-27
418,Jennifer Norton,LATAM,2025-05-07
419,Nicole Gonzalez,LATAM,2025-09-09
420,Amber Taylor,LATAM,2025-05-03
421,Jesus Obrien,EMEA,2025-09-13
422,Louis Martin,EMEA,2026-08-27
423,Elizabeth Rogers,NA,2026-04-30
424,Michelle Evans,NA,2026-04-21
425,Michael Whitney,LATAM,2025-11-02
426,Molly Watts,EMEA,2024-09-21
427,Walter Patton,EMEA,2026-03-23
428,Mikayla Silva,LATAM,2025-01-04
429,Lisa Randall,NA,2024-12-19
430,Amanda Vaughan,EMEA,2024-11-21
431,Erik Hernandez,NA,2026-01-19
432,Reginald Knapp,LATAM,2026-06-02
433,Amy Taylor,EMEA,2025-01-31
434,Matthew Fox,LATAM,2025-04-19
435,Thomas Peterson,APAC,2025-05-18
436,Michelle Schneider,LATAM,2026-01-21
437,Cheryl Wright,LATAM,2025-10-14
438,William Evans,LATAM,2025-04-01
439,Michael Stewart,EMEA,2025-05-14
440,Rebecca Hill,LATAM,2024-11-30
441,Jamie Baird,LATAM,2026-04-23
442,Regina Roberts,APAC,2025-03-31
443,Hannah Ramos,EMEA,2025-03-08
444,Dale Ryan,APAC,2026-07-16
445,Breanna Gilbert,LATAM,2025-11-04
446,Michael Schmidt,EMEA,2025-12-12
447,Jason Love,APAC,2024-11-14
448,Abigail Pierce,LATAM,2026-07-13
449,Timothy Johns,NA,2025-08-17
450,Victor Morris,APAC,2025-12-18
451,Ann Andrews,EMEA,2025-09-28
452,Taylor Gentry,APAC,2025-01-07
453,Casey Gillespie,APAC,2026-08-31
454,Jon Zuniga,APAC,2026-08-06
455,Sherri Smith,NA,2025-10-22
456,William Mitchell,EMEA,2026-08-26
457,Kathleen Mays,EMEA,2026-05-17
458,Corey Rodriguez,EMEA,2024-12-29
459,David Lopez,LATAM,2026-02-22
460,Laura Todd,EMEA,2025-01-08
461,Stephanie Wilcox,EMEA,2025-09-13
462,Michael Lopez,NA,2024-12-13
463,David Green,LATAM,2025-02-21
464,Tiffany Turner,LATAM,2026-02-12
465,Matthew Schwartz,APAC,2024-10-17
466,Eric Sullivan,LATAM,2025-09-04
467,Michele Collins,LATAM,2024-11-26
468,Elizabeth Mendez,NA,2025-02-09
469,Christian Adkins,EMEA,2025-11-18
470,Joshua Ruiz,LATAM,2025-09-29
471,Colleen Wright,LATAM,2026-03-07
472,Angela Griffin,NA,2026-01-29
473,Justin Brown,LATAM,2025-10-07
474,Laura Hernandez,LATAM,2025-04-29
475,Audrey Harris,NA,2025-11-02
476,Jordan Stokes,APAC,2025-07-30
477,Joyce Brown,APAC,2025-08-05
478,Miranda Foster,LATAM,2026-04-21
479,Laura Williams,LATAM,2025-05-11
480,Zachary Michael,EMEA,2024-10-22
481,Amanda Ortiz,LATAM,2026-03-18
482,Veronica Brewer,EMEA,2025-07-06
483,Janet Kane DVM,APAC,2025-06-03
484,Mary Ryan,LATAM,2025-12-23
485,Christopher Medina,LATAM,2025-09-23
486,Courtney Smith,NA,2024-09-18
487,Michael Stephens,LATAM,2025-09-25
488,Danielle Reed,APAC,2025-03-22
489,Molly Rodriguez,LATAM,2026-04-16
490,Ralph Stephenson,EMEA,2024-09-13
491,Brian Johnson,LATAM,2025-11-12
492,Amber Yang,EMEA,2025-06-23
493,Daniel Shields,NA,2024-10-13
494,Donna Cabrera,LATAM,2026-02-18
495,Kyle Chambers,NA,2025-04-24
496,Charles Keller,NA,2025-02-10
497,Antonio Fry,LATAM,2026-06-07
498,Lori Simmons,EMEA,2025-08-30
499,Teresa Powers,LATAM,2026-03-30
500,Jason Hernandez,EMEA,2025-06-04
